seed,test_idx,hbr_multiplier,hbr_shift,window_length,add_hbr,accuracy
42,0,1,0,15,True,0.6246279761904762
42,0,1,0,15,False,0.6382688492063492
42,0,1,0,20,True,0.6453427524856097
42,0,1,0,20,False,0.609105180533752
42,0,1,0,30,True,0.6491769547325102
42,0,1,0,30,False,0.6455026455026455
42,0,1,1,15,True,0.6231398809523809
42,0,1,1,15,False,0.6424851190476191
42,0,1,1,20,True,0.6323914181057039
42,0,1,1,20,False,0.6317373103087389
42,0,1,1,30,True,0.6238977072310405
42,0,1,1,30,False,0.6847442680776014
42,0,1,2,15,True,0.5987103174603174
42,0,1,2,15,False,0.5319940476190477
42,0,1,2,20,True,0.5706436420722135
42,0,1,2,20,False,0.5994243851386708
42,0,1,2,30,True,0.6428571428571429
42,0,1,2,30,False,0.605379188712522
42,0,1,3,15,True,0.6010664682539683
42,0,1,3,15,False,0.5890376984126984
42,0,1,3,20,True,0.5928833071690215
42,0,1,3,20,False,0.5936682365253794
42,0,1,3,30,True,0.6000881834215167
42,0,1,3,30,False,0.5833333333333334
42,0,3,0,15,True,0.6246279761904762
42,0,3,0,15,False,0.6409970238095238
42,0,3,0,20,True,0.6453427524856097
42,0,3,0,20,False,0.6276818419675563
42,0,3,0,30,True,0.6491769547325102
42,0,3,0,30,False,0.6191945914168137
42,0,3,1,15,True,0.6231398809523809
42,0,3,1,15,False,0.621155753968254
42,0,3,1,20,True,0.6323914181057039
42,0,3,1,20,False,0.6388016745159603
42,0,3,1,30,True,0.6238977072310405
42,0,3,1,30,False,0.6243386243386243
42,0,3,2,15,True,0.5987103174603174
42,0,3,2,15,False,0.5835813492063492
42,0,3,2,20,True,0.5706436420722135
42,0,3,2,20,False,0.6020408163265306
42,0,3,2,30,True,0.6428571428571429
42,0,3,2,30,False,0.6290417401528513
42,0,3,3,15,True,0.6010664682539683
42,0,3,3,15,False,0.5549355158730159
42,0,3,3,20,True,0.5928833071690215
42,0,3,3,20,False,0.6106750392464678
42,0,3,3,30,True,0.6000881834215167
42,0,3,3,30,False,0.6164021164021164
42,0,5,0,15,True,0.6246279761904762
42,0,5,0,15,False,0.6051587301587301
42,0,5,0,20,True,0.6453427524856097
42,0,5,0,20,False,0.6326530612244898
42,0,5,0,30,True,0.6491769547325102
42,0,5,0,30,False,0.6349206349206349
42,0,5,1,15,True,0.6231398809523809
42,0,5,1,15,False,0.6243799603174603
42,0,5,1,20,True,0.6323914181057039
42,0,5,1,20,False,0.6272893772893773
42,0,5,1,30,True,0.6238977072310405
42,0,5,1,30,False,0.6603468547912993
42,0,5,2,15,True,0.5987103174603174
42,0,5,2,15,False,0.6274801587301587
42,0,5,2,20,True,0.5706436420722135
42,0,5,2,20,False,0.6119832548403977
42,0,5,2,30,True,0.6428571428571429
42,0,5,2,30,False,0.6083186360964139
42,0,5,3,15,True,0.6010664682539683
42,0,5,3,15,False,0.5376984126984127
42,0,5,3,20,True,0.5928833071690215
42,0,5,3,20,False,0.6062271062271062
42,0,5,3,30,True,0.6000881834215167
42,0,5,3,30,False,0.5862727807172252
42,1,1,0,15,True,0.6448643410852714
42,1,1,0,15,False,0.6497093023255814
42,1,1,0,20,True,0.6026066956299514
42,1,1,0,20,False,0.6373626373626373
42,1,1,0,30,True,0.7324145851277635
42,1,1,0,30,False,0.7252368647717485
42,1,1,1,15,True,0.6695736434108527
42,1,1,1,15,False,0.6686046511627907
42,1,1,1,20,True,0.6501405571173013
42,1,1,1,20,False,0.6802964477383082
42,1,1,1,30,True,0.7393051966695378
42,1,1,1,30,False,0.7103072064312375
42,1,1,2,15,True,0.6375968992248062
42,1,1,2,15,False,0.6421996124031008
42,1,1,2,20,True,0.6327625862509584
42,1,1,2,20,False,0.643496038844876
42,1,1,2,30,True,0.6330749354005168
42,1,1,2,30,False,0.6471432672983061
42,1,1,3,15,True,0.6729651162790697
42,1,1,3,15,False,0.6463178294573644
42,1,1,3,20,True,0.6723741374904165
42,1,1,3,20,False,0.6376181957577306
42,1,1,3,30,True,0.7447602641401091
42,1,1,3,30,False,0.6847545219638242
42,1,3,0,15,True,0.6448643410852714
42,1,3,0,15,False,0.6688468992248062
42,1,3,0,20,True,0.6026066956299514
42,1,3,0,20,False,0.6739074878609762
42,1,3,0,30,True,0.7324145851277635
42,1,3,0,30,False,0.7097329888027563
42,1,3,1,15,True,0.6695736434108527
42,1,3,1,15,False,0.6460755813953488
42,1,3,1,20,True,0.6501405571173013
42,1,3,1,20,False,0.6445182724252492
42,1,3,1,30,True,0.7393051966695378
42,1,3,1,30,False,0.6867642836635085
42,1,3,2,15,True,0.6375968992248062
42,1,3,2,15,False,0.65625
42,1,3,2,20,True,0.6327625862509584
42,1,3,2,20,False,0.6360848453871709
42,1,3,2,30,True,0.6330749354005168
42,1,3,2,30,False,0.6830318690783808
42,1,3,3,15,True,0.6729651162790697
42,1,3,3,15,False,0.6351744186046512
42,1,3,3,20,True,0.6723741374904165
42,1,3,3,20,False,0.6756963966266292
42,1,3,3,30,True,0.7447602641401091
42,1,3,3,30,False,0.6554694229112834
42,1,5,0,15,True,0.6448643410852714
42,1,5,0,15,False,0.654312015503876
42,1,5,0,20,True,0.6026066956299514
42,1,5,0,20,False,0.6319959110656785
42,1,5,0,30,True,0.7324145851277635
42,1,5,0,30,False,0.7019810508182601
42,1,5,1,15,True,0.6695736434108527
42,1,5,1,15,False,0.6359011627906976
42,1,5,1,20,True,0.6501405571173013
42,1,5,1,20,False,0.6565295169946332
42,1,5,1,30,True,0.7393051966695378
42,1,5,1,30,False,0.661498708010336
42,1,5,2,15,True,0.6375968992248062
42,1,5,2,15,False,0.6436531007751938
42,1,5,2,20,True,0.6327625862509584
42,1,5,2,20,False,0.6135957066189625
42,1,5,2,30,True,0.6330749354005168
42,1,5,2,30,False,0.6238874533448177
42,1,5,3,15,True,0.6729651162790697
42,1,5,3,15,False,0.5915697674418605
42,1,5,3,20,True,0.6723741374904165
42,1,5,3,20,False,0.6429849220546895
42,1,5,3,30,True,0.7447602641401091
42,1,5,3,30,False,0.7014068331897789
42,2,1,0,15,True,0.5305461711711712
42,2,1,0,15,False,0.5076013513513513
42,2,1,0,20,True,0.5154440154440154
42,2,1,0,20,False,0.5423225423225423
42,2,1,0,30,True,0.541041041041041
42,2,1,0,30,False,0.5675675675675675
42,2,1,1,15,True,0.5574324324324325
42,2,1,1,15,False,0.5274493243243243
42,2,1,1,20,True,0.5383130383130383
42,2,1,1,20,False,0.5078705078705079
42,2,1,1,30,True,0.5795795795795796
42,2,1,1,30,False,0.5924257590924258
42,2,1,2,15,True,0.5187218468468469
42,2,1,2,15,False,0.4601632882882883
42,2,1,2,20,True,0.546926046926047
42,2,1,2,20,False,0.5043065043065043
42,2,1,2,30,True,0.5540540540540541
42,2,1,2,30,False,0.5335335335335335
42,2,1,3,15,True,0.48986486486486486
42,2,1,3,15,False,0.4542511261261261
42,2,1,3,20,True,0.505940005940006
42,2,1,3,20,False,0.45292545292545294
42,2,1,3,30,True,0.5627293960627294
42,2,1,3,30,False,0.4974974974974975
42,2,3,0,15,True,0.5305461711711712
42,2,3,0,15,False,0.5254786036036037
42,2,3,0,20,True,0.5154440154440154
42,2,3,0,20,False,0.5262845262845263
42,2,3,0,30,True,0.541041041041041
42,2,3,0,30,False,0.5637303970637304
42,2,3,1,15,True,0.5574324324324325
42,2,3,1,15,False,0.49169481981981983
42,2,3,1,20,True,0.5383130383130383
42,2,3,1,20,False,0.5359370359370359
42,2,3,1,30,True,0.5795795795795796
42,2,3,1,30,False,0.5680680680680681
42,2,3,2,15,True,0.5187218468468469
42,2,3,2,15,False,0.4740990990990991
42,2,3,2,20,True,0.546926046926047
42,2,3,2,20,False,0.5188595188595189
42,2,3,2,30,True,0.5540540540540541
42,2,3,2,30,False,0.49332665999332664
42,2,3,3,15,True,0.48986486486486486
42,2,3,3,15,False,0.47832207207207206
42,2,3,3,20,True,0.505940005940006
42,2,3,3,20,False,0.45426195426195426
42,2,3,3,30,True,0.5627293960627294
42,2,3,3,30,False,0.4894894894894895
42,2,5,0,15,True,0.5305461711711712
42,2,5,0,15,False,0.4740990990990991
42,2,5,0,20,True,0.5154440154440154
42,2,5,0,20,False,0.5210870210870211
42,2,5,0,30,True,0.541041041041041
42,2,5,0,30,False,0.5630630630630631
42,2,5,1,15,True,0.5574324324324325
42,2,5,1,15,False,0.5190033783783784
42,2,5,1,20,True,0.5383130383130383
42,2,5,1,20,False,0.5429165429165429
42,2,5,1,30,True,0.5795795795795796
42,2,5,1,30,False,0.5638972305638972
42,2,5,2,15,True,0.5187218468468469
42,2,5,2,15,False,0.4594594594594595
42,2,5,2,20,True,0.546926046926047
42,2,5,2,20,False,0.5157410157410157
42,2,5,2,30,True,0.5540540540540541
42,2,5,2,30,False,0.47914581247914584
42,2,5,3,15,True,0.48986486486486486
42,2,5,3,15,False,0.4634009009009009
42,2,5,3,20,True,0.505940005940006
42,2,5,3,20,False,0.4407484407484408
42,2,5,3,30,True,0.5627293960627294
42,2,5,3,30,False,0.49082415749082414
42,3,1,0,15,True,0.6713668699186992
42,3,1,0,15,False,0.6587906504065041
42,3,1,0,20,True,0.648217636022514
42,3,1,0,20,False,0.6529080675422139
42,3,1,0,30,True,0.6609454983438723
42,3,1,0,30,False,0.6504065040650406
42,3,1,1,15,True,0.6294461382113821
42,3,1,1,15,False,0.650660569105691
42,3,1,1,20,True,0.6514339319217368
42,3,1,1,20,False,0.6369606003752345
42,3,1,1,30,True,0.666967780788919
42,3,1,1,30,False,0.6406202950918398
42,3,1,2,15,True,0.6384654471544715
42,3,1,2,15,False,0.6054369918699187
42,3,1,2,20,True,0.6136424551058698
42,3,1,2,20,False,0.6227552934870008
42,3,1,2,30,True,0.6115627822944896
42,3,1,2,30,False,0.6341463414634146
42,3,1,3,15,True,0.6464684959349594
42,3,1,3,15,False,0.593114837398374
42,3,1,3,20,True,0.6309300455641919
42,3,1,3,20,False,0.6329402305012061
42,3,1,3,30,True,0.6586871424269798
42,3,1,3,30,False,0.6049382716049383
42,3,3,0,15,True,0.6713668699186992
42,3,3,0,15,False,0.6209349593495935
42,3,3,0,20,True,0.648217636022514
42,3,3,0,20,False,0.648217636022514
42,3,3,0,30,True,0.6609454983438723
42,3,3,0,30,False,0.6720867208672087
42,3,3,1,15,True,0.6294461382113821
42,3,3,1,15,False,0.6275406504065041
42,3,3,1,20,True,0.6514339319217368
42,3,3,1,20,False,0.6388367729831145
42,3,3,1,30,True,0.666967780788919
42,3,3,1,30,False,0.634447455585667
42,3,3,2,15,True,0.6384654471544715
42,3,3,2,15,False,0.6067073170731707
42,3,3,2,20,True,0.6136424551058698
42,3,3,2,20,False,0.611364245510587
42,3,3,2,30,True,0.6115627822944896
42,3,3,2,30,False,0.59936766034327
42,3,3,3,15,True,0.6464684959349594
42,3,3,3,15,False,0.5978150406504065
42,3,3,3,20,True,0.6309300455641919
42,3,3,3,20,False,0.6042615920664701
42,3,3,3,30,True,0.6586871424269798
42,3,3,3,30,False,0.5853658536585366
42,3,5,0,15,True,0.6713668699186992
42,3,5,0,15,False,0.6129319105691057
42,3,5,0,20,True,0.648217636022514
42,3,5,0,20,False,0.6629589922272849
42,3,5,0,30,True,0.6609454983438723
42,3,5,0,30,False,0.6540198735320687
42,3,5,1,15,True,0.6294461382113821
42,3,5,1,15,False,0.6436737804878049
42,3,5,1,20,True,0.6514339319217368
42,3,5,1,20,False,0.6455373894398284
42,3,5,1,30,True,0.666967780788919
42,3,5,1,30,False,0.6607949412827462
42,3,5,2,15,True,0.6384654471544715
42,3,5,2,15,False,0.6107723577235772
42,3,5,2,20,True,0.6136424551058698
42,3,5,2,20,False,0.631466094880729
42,3,5,2,30,True,0.6115627822944896
42,3,5,2,30,False,0.6028304727491719
42,3,5,3,15,True,0.6464684959349594
42,3,5,3,15,False,0.5584349593495935
42,3,5,3,20,True,0.6309300455641919
42,3,5,3,20,False,0.5959528276601447
42,3,5,3,30,True,0.6586871424269798
42,3,5,3,30,False,0.5904847937368263
42,4,1,0,15,True,0.7357209737827716
42,4,1,0,15,False,0.7718867041198502
42,4,1,0,20,True,0.7361402642301519
42,4,1,0,20,False,0.7802197802197802
42,4,1,0,30,True,0.7272853377722291
42,4,1,0,30,False,0.7480926619503399
42,4,1,1,15,True,0.7188670411985019
42,4,1,1,15,False,0.7498829588014981
42,4,1,1,20,True,0.7008272626250154
42,4,1,1,20,False,0.7456476108161502
42,4,1,1,30,True,0.7166042446941323
42,4,1,1,30,False,0.7733388819531142
42,4,1,2,15,True,0.7296348314606742
42,4,1,2,15,False,0.7656835205992509
42,4,1,2,20,True,0.7121866897147796
42,4,1,2,20,False,0.7414495616742808
42,4,1,2,30,True,0.7539187127202108
42,4,1,2,30,False,0.7909557497572479
42,4,1,3,15,True,0.7173455056179775
42,4,1,3,15,False,0.74812734082397
42,4,1,3,20,True,0.7109519693789357
42,4,1,3,20,False,0.75688356587233
42,4,1,3,30,True,0.7218754334859204
42,4,1,3,30,False,0.7844361215147732
42,4,3,0,15,True,0.7357209737827716
42,4,3,0,15,False,0.7820692883895131
42,4,3,0,20,True,0.7361402642301519
42,4,3,0,20,False,0.7797258920854426
42,4,3,0,30,True,0.7272853377722291
42,4,3,0,30,False,0.7669579692051602
42,4,3,1,15,True,0.7188670411985019
42,4,3,1,15,False,0.7751638576779026
42,4,3,1,20,True,0.7008272626250154
42,4,3,1,20,False,0.7814545005556242
42,4,3,1,30,True,0.7166042446941323
42,4,3,1,30,False,0.7698709945900957
42,4,3,2,15,True,0.7296348314606742
42,4,3,2,15,False,0.7607677902621723
42,4,3,2,20,True,0.7121866897147796
42,4,3,2,20,False,0.7566366218051611
42,4,3,2,30,True,0.7539187127202108
42,4,3,2,30,False,0.7863781384380635
42,4,3,3,15,True,0.7173455056179775
42,4,3,3,15,False,0.7684925093632958
42,4,3,3,20,True,0.7109519693789357
42,4,3,3,20,False,0.7656500802568218
42,4,3,3,30,True,0.7218754334859204
42,4,3,3,30,False,0.7505895408517131
42,4,5,0,15,True,0.7357209737827716
42,4,5,0,15,False,0.7550327715355806
42,4,5,0,20,True,0.7361402642301519
42,4,5,0,20,False,0.7858994937646623
42,4,5,0,30,True,0.7272853377722291
42,4,5,0,30,False,0.7745873214038008
42,4,5,1,15,True,0.7188670411985019
42,4,5,1,15,False,0.7881554307116105
42,4,5,1,20,True,0.7008272626250154
42,4,5,1,20,False,0.7757747870107421
42,4,5,1,30,True,0.7166042446941323
42,4,5,1,30,False,0.7614093494243307
42,4,5,2,15,True,0.7296348314606742
42,4,5,2,15,False,0.7477762172284644
42,4,5,2,20,True,0.7121866897147796
42,4,5,2,20,False,0.7642918878873936
42,4,5,2,30,True,0.7539187127202108
42,4,5,2,30,False,0.7657095297544736
42,4,5,3,15,True,0.7173455056179775
42,4,5,3,15,False,0.7529260299625468
42,4,5,3,20,True,0.7109519693789357
42,4,5,3,20,False,0.777009507346586
42,4,5,3,30,True,0.7231238729366071
42,4,5,3,30,False,0.7401858787626577
43,0,1,0,15,True,0.6564980158730159
43,0,1,0,15,False,0.6515376984126984
43,0,1,0,20,True,0.652014652014652
43,0,1,0,20,False,0.6241496598639455
43,0,1,0,30,True,0.6571134626690183
43,0,1,0,30,False,0.6403586125808348
43,0,1,1,15,True,0.642609126984127
43,0,1,1,15,False,0.6225198412698413
43,0,1,1,20,True,0.6289900575614862
43,0,1,1,20,False,0.6433804290947148
43,0,1,1,30,True,0.6427101704879483
43,0,1,1,30,False,0.6637272192827748
43,0,1,2,15,True,0.6573660714285714
43,0,1,2,15,False,0.5747767857142857
43,0,1,2,20,True,0.6122448979591837
43,0,1,2,20,False,0.61996336996337
43,0,1,2,30,True,0.6089065255731922
43,0,1,2,30,False,0.630217519106408
43,0,1,3,15,True,0.644593253968254
43,0,1,3,15,False,0.5659722222222222
43,0,1,3,20,True,0.6126373626373627
43,0,1,3,20,False,0.5692046049188907
43,0,1,3,30,True,0.6666666666666666
43,0,1,3,30,False,0.5821575543797766
43,0,3,0,15,True,0.6564980158730159
43,0,3,0,15,False,0.6274801587301587
43,0,3,0,20,True,0.652014652014652
43,0,3,0,20,False,0.6364468864468864
43,0,3,0,30,True,0.6571134626690183
43,0,3,0,30,False,0.6190476190476191
43,0,3,1,15,True,0.642609126984127
43,0,3,1,15,False,0.6388888888888888
43,0,3,1,20,True,0.6289900575614862
43,0,3,1,20,False,0.6416797488226059
43,0,3,1,30,True,0.6427101704879483
43,0,3,1,30,False,0.6741622574955908
43,0,3,2,15,True,0.6573660714285714
43,0,3,2,15,False,0.5633680555555556
43,0,3,2,20,True,0.6122448979591837
43,0,3,2,20,False,0.5824175824175825
43,0,3,2,30,True,0.6089065255731922
43,0,3,2,30,False,0.6092004703115814
43,0,3,3,15,True,0.644593253968254
43,0,3,3,15,False,0.5629960317460317
43,0,3,3,20,True,0.6126373626373627
43,0,3,3,20,False,0.597854526425955
43,0,3,3,30,True,0.6666666666666666
43,0,3,3,30,False,0.6080246913580247
43,0,5,0,15,True,0.6564980158730159
43,0,5,0,15,False,0.6392609126984127
43,0,5,0,20,True,0.652014652014652
43,0,5,0,20,False,0.5536368393511251
43,0,5,0,30,True,0.6571134626690183
43,0,5,0,30,False,0.6662257495590829
43,0,5,1,15,True,0.642609126984127
43,0,5,1,15,False,0.646453373015873
43,0,5,1,20,True,0.6289900575614862
43,0,5,1,20,False,0.641810570381999
43,0,5,1,30,True,0.6427101704879483
43,0,5,1,30,False,0.6297766019988242
43,0,5,2,15,True,0.6573660714285714
43,0,5,2,15,False,0.5391865079365079
43,0,5,2,20,True,0.6122448979591837
43,0,5,2,20,False,0.6017791732077447
43,0,5,2,30,True,0.6089065255731922
43,0,5,2,30,False,0.6381540270429159
43,0,5,3,15,True,0.644593253968254
43,0,5,3,15,False,0.5084325396825397
43,0,5,3,20,True,0.6126373626373627
43,0,5,3,20,False,0.597723704866562
43,0,5,3,30,True,0.6666666666666666
43,0,5,3,30,False,0.6064079952968842
43,1,1,0,15,True,0.6005329457364341
43,1,1,0,15,False,0.596172480620155
43,1,1,0,20,True,0.645284947610529
43,1,1,0,20,False,0.6514183490927677
43,1,1,0,30,True,0.6991099626758541
43,1,1,0,30,False,0.673557278208441
43,1,1,1,15,True,0.5772771317829457
43,1,1,1,15,False,0.5743701550387597
43,1,1,1,20,True,0.6565295169946332
43,1,1,1,20,False,0.6731408126756964
43,1,1,1,30,True,0.7137525122021247
43,1,1,1,30,False,0.6546080964685616
43,1,1,2,15,True,0.5542635658914729
43,1,1,2,15,False,0.6102228682170543
43,1,1,2,20,True,0.6092512139023767
43,1,1,2,20,False,0.6491183235369282
43,1,1,2,30,True,0.6930806775768016
43,1,1,2,30,False,0.684180304335343
43,1,1,3,15,True,0.6262112403100775
43,1,1,3,15,False,0.5862403100775194
43,1,1,3,20,True,0.6549961666240736
43,1,1,3,20,False,0.5992844364937389
43,1,1,3,30,True,0.6563307493540051
43,1,1,3,30,False,0.608670686190066
43,1,3,0,15,True,0.6005329457364341
43,1,3,0,15,False,0.6036821705426356
43,1,3,0,20,True,0.645284947610529
43,1,3,0,20,False,0.6013289036544851
43,1,3,0,30,True,0.7103072064312375
43,1,3,0,30,False,0.7082974447315532
43,1,3,1,15,True,0.5772771317829457
43,1,3,1,15,False,0.6608527131782945
43,1,3,1,20,True,0.6565295169946332
43,1,3,1,20,False,0.6588295425504728
43,1,3,1,30,True,0.7137525122021247
43,1,3,1,30,False,0.6761412575366064
43,1,3,2,15,True,0.5542635658914729
43,1,3,2,15,False,0.6414728682170543
43,1,3,2,20,True,0.6092512139023767
43,1,3,2,20,False,0.6220291336570406
43,1,3,2,30,True,0.6930806775768016
43,1,3,2,30,False,0.6804478897502153
43,1,3,3,15,True,0.6262112403100775
43,1,3,3,15,False,0.6036821705426356
43,1,3,3,20,True,0.6549961666240736
43,1,3,3,20,False,0.6664962944032712
43,1,3,3,30,True,0.6563307493540051
43,1,3,3,30,False,0.6063738156761412
43,1,5,0,15,True,0.6005329457364341
43,1,5,0,15,False,0.6201550387596899
43,1,5,0,20,True,0.645284947610529
43,1,5,0,20,False,0.654485049833887
43,1,5,0,30,True,0.7103072064312375
43,1,5,0,30,False,0.7071490094745909
43,1,5,1,15,True,0.5772771317829457
43,1,5,1,15,False,0.594718992248062
43,1,5,1,20,True,0.6565295169946332
43,1,5,1,20,False,0.6488627651418349
43,1,5,1,30,True,0.7137525122021247
43,1,5,1,30,False,0.6660924490381854
43,1,5,2,15,True,0.5542635658914729
43,1,5,2,15,False,0.6211240310077519
43,1,5,2,20,True,0.6092512139023767
43,1,5,2,20,False,0.6818297981088679
43,1,5,2,30,True,0.6930806775768016
43,1,5,2,30,False,0.6488659201837497
43,1,5,3,15,True,0.6262112403100775
43,1,5,3,15,False,0.5736434108527132
43,1,5,3,20,True,0.6549961666240736
43,1,5,3,20,False,0.6465627395859954
43,1,5,3,30,True,0.6563307493540051
43,1,5,3,30,False,0.6660924490381854
43,2,1,0,15,True,0.5032376126126126
43,2,1,0,15,False,0.5292792792792793
43,2,1,0,20,True,0.5331155331155332
43,2,1,0,20,False,0.5546480546480547
43,2,1,0,30,True,0.5527193860527194
43,2,1,0,30,False,0.5720720720720721
43,2,1,1,15,True,0.4970439189189189
43,2,1,1,15,False,0.509009009009009
43,2,1,1,20,True,0.5166320166320166
43,2,1,1,20,False,0.5019305019305019
43,2,1,1,30,True,0.5453787120453787
43,2,1,1,30,False,0.5415415415415415
43,2,1,2,15,True,0.5208333333333334
43,2,1,2,15,False,0.502956081081081
43,2,1,2,20,True,0.5092070092070092
43,2,1,2,20,False,0.5093555093555093
43,2,1,2,30,True,0.539039039039039
43,2,1,2,30,False,0.5103436770103437
43,2,1,3,15,True,0.49859234234234234
43,2,1,3,15,False,0.44988738738738737
43,2,1,3,20,True,0.5029700029700029
43,2,1,3,20,False,0.487971487971488
43,2,1,3,30,True,0.5523857190523858
43,2,1,3,30,False,0.4893226559893227
43,2,3,0,15,True,0.5032376126126126
43,2,3,0,15,False,0.5175957207207207
43,2,3,0,20,True,0.5331155331155332
43,2,3,0,20,False,0.5267300267300268
43,2,3,0,30,True,0.5557223890557224
43,2,3,0,30,False,0.5523857190523858
43,2,3,1,15,True,0.4970439189189189
43,2,3,1,15,False,0.4978885135135135
43,2,3,1,20,True,0.5166320166320166
43,2,3,1,20,False,0.5307395307395307
43,2,3,1,30,True,0.5453787120453787
43,2,3,1,30,False,0.539039039039039
43,2,3,2,15,True,0.5208333333333334
43,2,3,2,15,False,0.48930180180180183
43,2,3,2,20,True,0.5092070092070092
43,2,3,2,20,False,0.4876744876744877
43,2,3,2,30,True,0.539039039039039
43,2,3,2,30,False,0.5155155155155156
43,2,3,3,15,True,0.49859234234234234
43,2,3,3,15,False,0.45903716216216217
43,2,3,3,20,True,0.5029700029700029
43,2,3,3,20,False,0.46332046332046334
43,2,3,3,30,True,0.5523857190523858
43,2,3,3,30,False,0.4387721054387721
43,2,5,0,15,True,0.5032376126126126
43,2,5,0,15,False,0.486768018018018
43,2,5,0,20,True,0.5331155331155332
43,2,5,0,20,False,0.546035046035046
43,2,5,0,30,True,0.5527193860527194
43,2,5,0,30,False,0.5256923590256923
43,2,5,1,15,True,0.4970439189189189
43,2,5,1,15,False,0.504786036036036
43,2,5,1,20,True,0.5166320166320166
43,2,5,1,20,False,0.489010989010989
43,2,5,1,30,True,0.5453787120453787
43,2,5,1,30,False,0.539039039039039
43,2,5,2,15,True,0.5208333333333334
43,2,5,2,15,False,0.43398085585585583
43,2,5,2,20,True,0.5092070092070092
43,2,5,2,20,False,0.46762696762696765
43,2,5,2,30,True,0.539039039039039
43,2,5,2,30,False,0.48415081748415084
43,2,5,3,15,True,0.49859234234234234
43,2,5,3,15,False,0.46903153153153154
43,2,5,3,20,True,0.5029700029700029
43,2,5,3,20,False,0.4778734778734779
43,2,5,3,30,True,0.5523857190523858
43,2,5,3,30,False,0.47147147147147145
43,3,1,0,15,True,0.5372205284552846
43,3,1,0,15,False,0.6190294715447154
43,3,1,0,20,True,0.6794425087108014
43,3,1,0,20,False,0.6455373894398284
43,3,1,0,30,True,0.6857874134296899
43,3,1,0,30,False,0.6520626317374285
43,3,1,1,15,True,0.6465955284552846
43,3,1,1,15,False,0.5664380081300813
43,3,1,1,20,True,0.6529080675422139
43,3,1,1,20,False,0.645805414098097
43,3,1,1,30,True,0.6576332429990966
43,3,1,1,30,False,0.6618488407106293
43,3,1,2,15,True,0.5417936991869918
43,3,1,2,15,False,0.5746951219512195
43,3,1,2,20,True,0.6472795497185742
43,3,1,2,20,False,0.5852318413294023
43,3,1,2,30,True,0.662451068955134
43,3,1,2,30,False,0.5888286660644384
43,3,1,3,15,True,0.5275660569105691
43,3,1,3,15,False,0.5238821138211383
43,3,1,3,20,True,0.67971053336907
43,3,1,3,20,False,0.6139104797641383
43,3,1,3,30,True,0.657934357121349
43,3,1,3,30,False,0.6288768443239988
43,3,3,0,15,True,0.5372205284552846
43,3,3,0,15,False,0.629954268292683
43,3,3,0,20,True,0.6794425087108014
43,3,3,0,20,False,0.6273117126775664
43,3,3,0,30,True,0.6865401987353207
43,3,3,0,30,False,0.6520626317374285
43,3,3,1,15,True,0.6465955284552846
43,3,3,1,15,False,0.5651676829268293
43,3,3,1,20,True,0.6529080675422139
43,3,3,1,20,False,0.6387027606539801
43,3,3,1,30,True,0.6576332429990966
43,3,3,1,30,False,0.657031014754592
43,3,3,2,15,True,0.5417936991869918
43,3,3,2,15,False,0.5471290650406504
43,3,3,2,20,True,0.6472795497185742
43,3,3,2,20,False,0.5842937550254623
43,3,3,2,30,True,0.662451068955134
43,3,3,2,30,False,0.6168322794339054
43,3,3,3,15,True,0.5275660569105691
43,3,3,3,15,False,0.5509400406504065
43,3,3,3,20,True,0.67971053336907
43,3,3,3,20,False,0.57357276869472
43,3,3,3,30,True,0.657934357121349
43,3,3,3,30,False,0.5953026196928636
43,3,5,0,15,True,0.5372205284552846
43,3,5,0,15,False,0.546875
43,3,5,0,20,True,0.6794425087108014
43,3,5,0,20,False,0.6468775127311712
43,3,5,0,30,True,0.6857874134296899
43,3,5,0,30,False,0.6656127672387835
43,3,5,1,15,True,0.6465955284552846
43,3,5,1,15,False,0.5627540650406504
43,3,5,1,20,True,0.6529080675422139
43,3,5,1,20,False,0.6200750469043153
43,3,5,1,30,True,0.6576332429990966
43,3,5,1,30,False,0.6446853357422463
43,3,5,2,15,True,0.5417936991869918
43,3,5,2,15,False,0.508765243902439
43,3,5,2,20,True,0.6472795497185742
43,3,5,2,20,False,0.5659340659340659
43,3,5,2,30,True,0.662451068955134
43,3,5,2,30,False,0.6278229448961157
43,3,5,3,15,True,0.5275660569105691
43,3,5,3,15,False,0.5013973577235772
43,3,5,3,20,True,0.67971053336907
43,3,5,3,20,False,0.5892522112034307
43,3,5,3,30,True,0.657934357121349
43,3,5,3,30,False,0.6294790725685034
43,4,1,0,15,True,0.7179307116104869
43,4,1,0,15,False,0.7165262172284644
43,4,1,0,20,True,0.7484874675885912
43,4,1,0,20,False,0.7836769971601433
43,4,1,0,30,True,0.7425440421695103
43,4,1,0,30,False,0.761825495907893
43,4,1,1,15,True,0.6871488764044944
43,4,1,1,15,False,0.6420880149812734
43,4,1,1,20,True,0.7498456599580196
43,4,1,1,20,False,0.7677491048277565
43,4,1,1,30,True,0.6942710500762935
43,4,1,1,30,False,0.7725065889859898
43,4,1,2,15,True,0.6441947565543071
43,4,1,2,15,False,0.6525046816479401
43,4,1,2,20,True,0.7502160760587727
43,4,1,2,20,False,0.7546610692678108
43,4,1,2,30,True,0.7264530448051048
43,4,1,2,30,False,0.7682064086558469
43,4,1,3,15,True,0.6862125468164794
43,4,1,3,15,False,0.637874531835206
43,4,1,3,20,True,0.7147796024200519
43,4,1,3,20,False,0.7628102234843808
43,4,1,3,30,True,0.6889998612845055
43,4,1,3,30,False,0.7881814398668331
43,4,3,0,15,True,0.7179307116104869
43,4,3,0,15,False,0.6748595505617978
43,4,3,0,20,True,0.7484874675885912
43,4,3,0,20,False,0.7999753055932831
43,4,3,0,30,True,0.7425440421695103
43,4,3,0,30,False,0.780829518657234
43,4,3,1,15,True,0.6871488764044944
43,4,3,1,15,False,0.6523876404494382
43,4,3,1,20,True,0.7498456599580196
43,4,3,1,20,False,0.7761452031114953
43,4,3,1,30,True,0.6942710500762935
43,4,3,1,30,False,0.7579414620613123
43,4,3,2,15,True,0.6441947565543071
43,4,3,2,15,False,0.6333099250936329
43,4,3,2,20,True,0.7502160760587727
43,4,3,2,20,False,0.7576243980738363
43,4,3,2,30,True,0.7264530448051048
43,4,3,2,30,False,0.7515605493133583
43,4,3,3,15,True,0.6862125468164794
43,4,3,3,15,False,0.634246254681648
43,4,3,3,20,True,0.7147796024200519
43,4,3,3,20,False,0.7523151006297074
43,4,3,3,30,True,0.6889998612845055
43,4,3,3,30,False,0.7562768761270634
43,4,5,0,15,True,0.7179307116104869
43,4,5,0,15,False,0.7411048689138576
43,4,5,0,20,True,0.7484874675885912
43,4,5,0,20,False,0.805901963205334
43,4,5,0,30,True,0.7425440421695103
43,4,5,0,30,False,0.7604383409626855
43,4,5,1,15,True,0.6871488764044944
43,4,5,1,15,False,0.6484082397003745
43,4,5,1,20,True,0.7498456599580196
43,4,5,1,20,False,0.8066427954068404
43,4,5,1,30,True,0.6942710500762935
43,4,5,1,30,False,0.7378277153558053
43,4,5,2,15,True,0.6441947565543071
43,4,5,2,15,False,0.6413857677902621
43,4,5,2,20,True,0.7502160760587727
43,4,5,2,20,False,0.7665143844919126
43,4,5,2,30,True,0.7264530448051048
43,4,5,2,30,False,0.7378277153558053
43,4,5,3,15,True,0.6862125468164794
43,4,5,3,15,False,0.6175093632958801
43,4,5,3,20,True,0.7147796024200519
43,4,5,3,20,False,0.7435485862452155
43,4,5,3,30,True,0.7039811346927451
43,4,5,3,30,False,0.7707032875572202
44,0,1,0,15,True,0.6592261904761905
44,0,1,0,15,False,0.6411210317460317
44,0,1,0,20,True,0.6138147566718996
44,0,1,0,20,False,0.6828885400313972
44,0,1,0,30,True,0.6174309229864785
44,0,1,0,30,False,0.6672545561434451
44,0,1,1,15,True,0.6521577380952381
44,0,1,1,15,False,0.605406746031746
44,0,1,1,20,True,0.6580324437467294
44,0,1,1,20,False,0.662742019884877
44,0,1,1,30,True,0.6240446796002351
44,0,1,1,30,False,0.6568195179306291
44,0,1,2,15,True,0.6448412698412699
44,0,1,2,15,False,0.6276041666666666
44,0,1,2,20,True,0.6933542647828362
44,0,1,2,20,False,0.6440345368916798
44,0,1,2,30,True,0.6144914756025868
44,0,1,2,30,False,0.6202233980011758
44,0,1,3,15,True,0.6530257936507936
44,0,1,3,15,False,0.6134672619047619
44,0,1,3,20,True,0.6293825222396651
44,0,1,3,20,False,0.6015175300889587
44,0,1,3,30,True,0.6030276308054086
44,0,1,3,30,False,0.6000881834215167
44,0,3,0,15,True,0.6592261904761905
44,0,3,0,15,False,0.6587301587301587
44,0,3,0,20,True,0.6138147566718996
44,0,3,0,20,False,0.641810570381999
44,0,3,0,30,True,0.6174309229864785
44,0,3,0,30,False,0.6213991769547325
44,0,3,1,15,True,0.6521577380952381
44,0,3,1,15,False,0.6529017857142857
44,0,3,1,20,True,0.6580324437467294
44,0,3,1,20,False,0.6416797488226059
44,0,3,1,30,True,0.6240446796002351
44,0,3,1,30,False,0.647119341563786
44,0,3,2,15,True,0.6448412698412699
44,0,3,2,15,False,0.6325644841269841
44,0,3,2,20,True,0.6933542647828362
44,0,3,2,20,False,0.5996860282574569
44,0,3,2,30,True,0.6144914756025868
44,0,3,2,30,False,0.6494708994708994
44,0,3,3,15,True,0.6530257936507936
44,0,3,3,15,False,0.6325644841269841
44,0,3,3,20,True,0.6293825222396651
44,0,3,3,20,False,0.5991627420198848
44,0,3,3,30,True,0.6030276308054086
44,0,3,3,30,False,0.5934744268077602
44,0,5,0,15,True,0.6592261904761905
44,0,5,0,15,False,0.6462053571428571
44,0,5,0,20,True,0.6138147566718996
44,0,5,0,20,False,0.6674515960230246
44,0,5,0,30,True,0.6174309229864785
44,0,5,0,30,False,0.6463844797178131
44,0,5,1,15,True,0.6521577380952381
44,0,5,1,15,False,0.6467013888888888
44,0,5,1,20,True,0.6580324437467294
44,0,5,1,20,False,0.6649659863945578
44,0,5,1,30,True,0.6240446796002351
44,0,5,1,30,False,0.6587301587301587
44,0,5,2,15,True,0.6448412698412699
44,0,5,2,15,False,0.615203373015873
44,0,5,2,20,True,0.6933542647828362
44,0,5,2,20,False,0.6278126635269492
44,0,5,2,30,True,0.6144914756025868
44,0,5,2,30,False,0.6344797178130511
44,0,5,3,15,True,0.6530257936507936
44,0,5,3,15,False,0.6283482142857143
44,0,5,3,20,True,0.6293825222396651
44,0,5,3,20,False,0.6299058084772371
44,0,5,3,30,True,0.6030276308054086
44,0,5,3,30,False,0.5761316872427984
44,1,1,0,15,True,0.5729166666666666
44,1,1,0,15,False,0.5641957364341085
44,1,1,0,20,True,0.6381293125479172
44,1,1,0,20,False,0.62509583439816
44,1,1,0,30,True,0.7637094458799886
44,1,1,0,30,False,0.7484926787252368
44,1,1,1,15,True,0.591812015503876
44,1,1,1,15,False,0.6380813953488372
44,1,1,1,20,True,0.6263736263736264
44,1,1,1,20,False,0.6097623306925632
44,1,1,1,30,True,0.7416020671834626
44,1,1,1,30,False,0.7482055699109963
44,1,1,2,15,True,0.5479651162790697
44,1,1,2,15,False,0.6053779069767442
44,1,1,2,20,True,0.6069511883465372
44,1,1,2,20,False,0.6342959366215181
44,1,1,2,30,True,0.7243755383290267
44,1,1,2,30,False,0.6950904392764858
44,1,1,3,15,True,0.6148255813953488
44,1,1,3,15,False,0.625
44,1,1,3,20,True,0.615895732174802
44,1,1,3,20,False,0.6741630462560695
44,1,1,3,30,True,0.7114556416881999
44,1,1,3,30,False,0.6770025839793282
44,1,3,0,15,True,0.5729166666666666
44,1,3,0,15,False,0.5869670542635659
44,1,3,0,20,True,0.6381293125479172
44,1,3,0,20,False,0.6861742908254537
44,1,3,0,30,True,0.7637094458799886
44,1,3,0,30,False,0.7387309790410566
44,1,3,1,15,True,0.591812015503876
44,1,3,1,15,False,0.6288759689922481
44,1,3,1,20,True,0.6263736263736264
44,1,3,1,20,False,0.6342959366215181
44,1,3,1,30,True,0.7416020671834626
44,1,3,1,30,False,0.6792994544932529
44,1,3,2,15,True,0.5479651162790697
44,1,3,2,15,False,0.5692829457364341
44,1,3,2,20,True,0.6069511883465372
44,1,3,2,20,False,0.6547406082289803
44,1,3,2,30,True,0.7243755383290267
44,1,3,2,30,False,0.6815963250071777
44,1,3,3,15,True,0.6148255813953488
44,1,3,3,15,False,0.5981104651162791
44,1,3,3,20,True,0.615895732174802
44,1,3,3,20,False,0.6340403782264248
44,1,3,3,30,True,0.7114556416881999
44,1,3,3,30,False,0.664944013781223
44,1,5,0,15,True,0.5729166666666666
44,1,5,0,15,False,0.6044089147286822
44,1,5,0,20,True,0.6381293125479172
44,1,5,0,20,False,0.6496294403271148
44,1,5,0,30,True,0.7637094458799886
44,1,5,0,30,False,0.732701693942004
44,1,5,1,15,True,0.591812015503876
44,1,5,1,15,False,0.6349321705426356
44,1,5,1,20,True,0.6263736263736264
44,1,5,1,20,False,0.6616406848964989
44,1,5,1,30,True,0.7416020671834626
44,1,5,1,30,False,0.6525983347688774
44,1,5,2,15,True,0.5479651162790697
44,1,5,2,15,False,0.6080426356589147
44,1,5,2,20,True,0.6069511883465372
44,1,5,2,20,False,0.6304625606951189
44,1,5,2,30,True,0.7243755383290267
44,1,5,2,30,False,0.6609244903818547
44,1,5,3,15,True,0.6148255813953488
44,1,5,3,15,False,0.6455910852713178
44,1,5,3,20,True,0.615895732174802
44,1,5,3,20,False,0.6539739330437004
44,1,5,3,30,True,0.7114556416881999
44,1,5,3,30,False,0.6040769451622164
44,2,1,0,15,True,0.5302646396396397
44,2,1,0,15,False,0.5406813063063063
44,2,1,0,20,True,0.5463320463320464
44,2,1,0,20,False,0.5196020196020196
44,2,1,0,30,True,0.5246913580246914
44,2,1,0,30,False,0.5617283950617284
44,2,1,1,15,True,0.5130912162162162
44,2,1,1,15,False,0.5242117117117117
44,2,1,1,20,True,0.5129195129195129
44,2,1,1,20,False,0.52999702999703
44,2,1,1,30,True,0.5276943610276944
44,2,1,1,30,False,0.5298631965298632
44,2,1,2,15,True,0.5267454954954955
44,2,1,2,15,False,0.5346283783783784
44,2,1,2,20,True,0.5402435402435403
44,2,1,2,20,False,0.4899019899019899
44,2,1,2,30,True,0.5183516850183517
44,2,1,2,30,False,0.5206873540206873
44,2,1,3,15,True,0.5092905405405406
44,2,1,3,15,False,0.48620495495495497
44,2,1,3,20,True,0.4950994950994951
44,2,1,3,20,False,0.4501039501039501
44,2,1,3,30,True,0.48665331998665334
44,2,1,3,30,False,0.4831498164831498
44,2,3,0,15,True,0.5302646396396397
44,2,3,0,15,False,0.551661036036036
44,2,3,0,20,True,0.5463320463320464
44,2,3,0,20,False,0.5175230175230175
44,2,3,0,30,True,0.5246913580246914
44,2,3,0,30,False,0.5378712045378712
44,2,3,1,15,True,0.5130912162162162
44,2,3,1,15,False,0.5191441441441441
44,2,3,1,20,True,0.5129195129195129
44,2,3,1,20,False,0.5276210276210276
44,2,3,1,30,True,0.5276943610276944
44,2,3,1,30,False,0.5498832165498833
44,2,3,2,15,True,0.5267454954954955
44,2,3,2,15,False,0.48986486486486486
44,2,3,2,20,True,0.5402435402435403
44,2,3,2,20,False,0.4899019899019899
44,2,3,2,30,True,0.5183516850183517
44,2,3,2,30,False,0.488988988988989
44,2,3,3,15,True,0.5092905405405406
44,2,3,3,15,False,0.48057432432432434
44,2,3,3,20,True,0.4950994950994951
44,2,3,3,20,False,0.4602019602019602
44,2,3,3,30,True,0.48665331998665334
44,2,3,3,30,False,0.4696363029696363
44,2,5,0,15,True,0.5302646396396397
44,2,5,0,15,False,0.5648930180180181
44,2,5,0,20,True,0.5463320463320464
44,2,5,0,20,False,0.524057024057024
44,2,5,0,30,True,0.5246913580246914
44,2,5,0,30,False,0.5285285285285285
44,2,5,1,15,True,0.5130912162162162
44,2,5,1,15,False,0.5104166666666666
44,2,5,1,20,True,0.5129195129195129
44,2,5,1,20,False,0.5049005049005049
44,2,5,1,30,True,0.5276943610276944
44,2,5,1,30,False,0.5435435435435435
44,2,5,2,15,True,0.5267454954954955
44,2,5,2,15,False,0.4925394144144144
44,2,5,2,20,True,0.5402435402435403
44,2,5,2,20,False,0.49925749925749924
44,2,5,2,30,True,0.5183516850183517
44,2,5,2,30,False,0.5065065065065065
44,2,5,3,15,True,0.5092905405405406
44,2,5,3,15,False,0.4871903153153153
44,2,5,3,20,True,0.4950994950994951
44,2,5,3,20,False,0.47000297000297
44,2,5,3,30,True,0.48665331998665334
44,2,5,3,30,False,0.482982982982983
44,3,1,0,15,True,0.6584095528455285
44,3,1,0,15,False,0.6534552845528455
44,3,1,0,20,True,0.6594746716697936
44,3,1,0,20,False,0.626641651031895
44,3,1,0,30,True,0.7006925624811804
44,3,1,0,30,False,0.6863896416741945
44,3,1,1,15,True,0.6544715447154471
44,3,1,1,15,False,0.6572662601626016
44,3,1,1,20,True,0.6356204770838917
44,3,1,1,20,False,0.6345483784508175
44,3,1,1,30,True,0.7028003613369467
44,3,1,1,30,False,0.6576332429990966
44,3,1,2,15,True,0.6526930894308943
44,3,1,2,15,False,0.5962906504065041
44,3,1,2,20,True,0.6519699812382739
44,3,1,2,20,False,0.6361565264004289
44,3,1,2,30,True,0.6872929840409515
44,3,1,2,30,False,0.6476964769647696
44,3,1,3,15,True,0.6620934959349594
44,3,1,3,15,False,0.5964176829268293
44,3,1,3,20,True,0.6440632538193514
44,3,1,3,20,False,0.5451621549182525
44,3,1,3,30,True,0.70581150255947
44,3,1,3,30,False,0.6550737729599518
44,3,3,0,15,True,0.6584095528455285
44,3,3,0,15,False,0.6534552845528455
44,3,3,0,20,True,0.6594746716697936
44,3,3,0,20,False,0.6344143661216832
44,3,3,0,30,True,0.6960252935862692
44,3,3,0,30,False,0.6779584462511292
44,3,3,1,15,True,0.6544715447154471
44,3,3,1,15,False,0.6082317073170732
44,3,3,1,20,True,0.6356204770838917
44,3,3,1,20,False,0.6427231305280086
44,3,3,1,30,True,0.6781090033122553
44,3,3,1,30,False,0.6626016260162602
44,3,3,2,15,True,0.6526930894308943
44,3,3,2,15,False,0.569994918699187
44,3,3,2,20,True,0.6519699812382739
44,3,3,2,20,False,0.603725542749933
44,3,3,2,30,True,0.6872929840409515
44,3,3,2,30,False,0.6321890996687745
44,3,3,3,15,True,0.6620934959349594
44,3,3,3,15,False,0.5981961382113821
44,3,3,3,20,True,0.6440632538193514
44,3,3,3,20,False,0.6230233181452693
44,3,3,3,30,True,0.70581150255947
44,3,3,3,30,False,0.63354411321891
44,3,5,0,15,True,0.6584095528455285
44,3,5,0,15,False,0.6286839430894309
44,3,5,0,20,True,0.6594746716697936
44,3,5,0,20,False,0.6302599839185204
44,3,5,0,30,True,0.6960252935862692
44,3,5,0,30,False,0.673291177356218
44,3,5,1,15,True,0.6544715447154471
44,3,5,1,15,False,0.6403709349593496
44,3,5,1,20,True,0.6356204770838917
44,3,5,1,20,False,0.621415170195658
44,3,5,1,30,True,0.6781090033122553
44,3,5,1,30,False,0.647094248720265
44,3,5,2,15,True,0.6526930894308943
44,3,5,2,15,False,0.5848577235772358
44,3,5,2,20,True,0.6519699812382739
44,3,5,2,20,False,0.6220852318413294
44,3,5,2,30,True,0.6872929840409515
44,3,5,2,30,False,0.6445347786811202
44,3,5,3,15,True,0.6620934959349594
44,3,5,3,15,False,0.5985772357723578
44,3,5,3,20,True,0.6440632538193514
44,3,5,3,20,False,0.5991691235593675
44,3,5,3,30,True,0.70581150255947
44,3,5,3,30,False,0.6252634748569708
44,4,1,0,15,True,0.7859316479400749
44,4,1,0,15,False,0.762874531835206
44,4,1,0,20,True,0.7913322632423756
44,4,1,0,20,False,0.7529324607976293
44,4,1,0,30,True,0.7550284366763768
44,4,1,0,30,False,0.7933139131641004
44,4,1,1,15,True,0.7327949438202247
44,4,1,1,15,False,0.7635767790262172
44,4,1,1,20,True,0.7294727744165946
44,4,1,1,20,False,0.7913322632423756
44,4,1,1,30,True,0.743792481620197
44,4,1,1,30,False,0.7694548481065335
44,4,1,2,15,True,0.7182818352059925
44,4,1,2,15,False,0.7446161048689138
44,4,1,2,20,True,0.6993455982220027
44,4,1,2,20,False,0.7492282997900975
44,4,1,2,30,True,0.7457344985434873
44,4,1,2,30,False,0.7841586905257317
44,4,1,3,15,True,0.7427434456928839
44,4,1,3,15,False,0.704002808988764
44,4,1,3,20,True,0.7552784294357328
44,4,1,3,20,False,0.7684899370292628
44,4,1,3,30,True,0.7288112082119573
44,4,1,3,30,False,0.8069080316271328
44,4,3,0,15,True,0.7859316479400749
44,4,3,0,15,False,0.7713014981273408
44,4,3,0,20,True,0.7913322632423756
44,4,3,0,20,False,0.7536732929991357
44,4,3,0,30,True,0.7550284366763768
44,4,3,0,30,False,0.7412956027188237
44,4,3,1,15,True,0.7327949438202247
44,4,3,1,15,False,0.756437265917603
44,4,3,1,20,True,0.7294727744165946
44,4,3,1,20,False,0.7620693912828744
44,4,3,1,30,True,0.743792481620197
44,4,3,1,30,False,0.7855458454709391
44,4,3,2,15,True,0.7182818352059925
44,4,3,2,15,False,0.7391151685393258
44,4,3,2,20,True,0.6993455982220027
44,4,3,2,20,False,0.7593530065440178
44,4,3,2,30,True,0.7457344985434873
44,4,3,2,30,False,0.7680676931613262
44,4,3,3,15,True,0.7427434456928839
44,4,3,3,15,False,0.7459035580524345
44,4,3,3,20,True,0.7552784294357328
44,4,3,3,20,False,0.7457710828497346
44,4,3,3,30,True,0.7288112082119573
44,4,3,3,30,False,0.7593286170065197
44,4,5,0,15,True,0.7859316479400749
44,4,5,0,15,False,0.7659176029962547
44,4,5,0,20,True,0.7913322632423756
44,4,5,0,20,False,0.77009507346586
44,4,5,0,30,True,0.7550284366763768
44,4,5,0,30,False,0.7799972256901095
44,4,5,1,15,True,0.7327949438202247
44,4,5,1,15,False,0.7899110486891385
44,4,5,1,20,True,0.7294727744165946
44,4,5,1,20,False,0.7456476108161502
44,4,5,1,30,True,0.743792481620197
44,4,5,1,30,False,0.7856845609654598
44,4,5,2,15,True,0.7182818352059925
44,4,5,2,15,False,0.7331460674157303
44,4,5,2,20,True,0.6993455982220027
44,4,5,2,20,False,0.7408322015063588
44,4,5,2,30,True,0.7363018449160771
44,4,5,2,30,False,0.7838812595366903
44,4,5,3,15,True,0.7427434456928839
44,4,5,3,15,False,0.7286985018726592
44,4,5,3,20,True,0.7552784294357328
44,4,5,3,20,False,0.7847882454624028
44,4,5,3,30,True,0.7288112082119573
44,4,5,3,30,False,0.813705090858649
